Species,Cysteine Count,Number of Occurrences
acuminata,56,1
aestivum,9,2
aestivum,11,1
alata,32,1
alata,48,1
alba,12,1
americanum,8,1
americanum,9,1
americanum,16,1
americanum,17,1
andersonii,8,1
angustifolius,16,1
annuum,25,42
annuum,17,13
annuum,9,10
annuum,24,10
annuum,33,7
annuum,8,6
annuum,26,3
annuum,4,1
annuum,12,1
annuum,15,1
annuum,16,1
annuum,19,1
annuum,32,1
annuum,34,1
annuum,50,1
arietinum,8,1
attenuata,8,3
attenuata,9,2
attenuata,3,1
attenuata,24,1
attenuata,40,1
attenuata,45,1
attenuata,48,1
attenuata,56,1
aurea,8,1
aurea,13,1
australis,8,3
australis,9,1
baccatum,9,3
baccatum,24,3
baccatum,8,2
baccatum,10,1
baccatum,25,1
baccatum,33,1
balbisiana,8,1
barthii,9,1
belladonna,8,1
benthamiana,32,1
bicolor,9,2
bicolor,10,1
brachyantha,10,1
caerulescens,8,4
campestris,9,2
campestris,10,2
campestris,8,1
canephora,9,6
carota,21,1
catenatum,9,1
cavicola,16,1
chacoense,16,2
chacoense,17,2
chacoense,11,1
chinense,8,3
chinense,9,2
chinense,22,2
chinense,24,2
chinense,33,2
chinense,10,1
chinense,25,1
chinensis,9,4
chinensis,10,1
clevelandii,48,1
communis,8,1
comosus,8,3
corymbosa,16,1
cretica,8,1
curcas,8,1
curvula,9,1
curvula,10,1
curvula,11,1
distachyon,8,1
distachyon,9,1
dulcis,8,2
dulcis,9,1
esculenta,8,2
europaea,9,1
glaberrima,9,1
glumipatula,9,1
glutinosa,48,1
glutinosa,64,1
granatum,9,1
grandis,11,1
guttata,8,1
hallii,9,3
hallii,10,1
hallii,11,1
hybrid,7,1
hybrid,9,1
hygrometricum,8,1
hypogaea,8,2
hypogaea,9,2
impetiginosus,9,2
impetiginosus,8,1
italica,10,1
italica,11,1
linearis,40,1
lycopersicum,24,6
lycopersicum,16,4
lycopersicum,9,3
lycopersicum,15,2
lycopersicum,7,1
lycopersicum,10,1
lycopersicum,12,1
lycopersicum,14,1
lycopersicum,22,1
lycopersicum,38,1
lyrata,8,1
mays,9,2
megalosiphon,40,1
melongena,8,1
meridionalis,9,1
miersii,48,1
miliaceum,6,1
miliaceum,8,1
miliaceum,10,1
moellendorffii,24,6
moellendorffii,15,1
nigrum,16,2
nigrum,17,1
nigrum,23,1
nivara,9,1
notabilis,11,1
obtusifolia,63,2
occidentalis,48,1
oleracea,8,3
oligosanthes,9,2
oligosanthes,8,1
oligosanthes,10,1
orientale,8,1
pauciflora,48,1
perrieri,9,1
perrieri,10,1
persica,8,2
persica,9,1
phureja,16,1
pruriens,9,1
punctata,9,1
quadrivalvis,48,1
rapa,8,1
regia,8,1
repanda,48,1
rubella,8,1
rufipogon,9,1
rustica,56,1
sativa,9,3
shenzhenica,10,1
simulans,40,1
sinensis,24,1
spegazzinii,40,1
splendens,10,1
sylvatica,38,1
sylvestris,8,3
sylvestris,24,2
sylvestris,9,1
sylvestris,22,1
sylvestris,48,1
sylvestris,56,1
sylvestris,88,1
tabacum,8,6
tabacum,48,6
tabacum,24,2
tabacum,32,2
tabacum,7,1
tabacum,9,1
tabacum,10,1
tabacum,16,1
tabacum,42,1
tabacum,50,1
tauschii,11,2
tauschii,9,1
thaliana,8,2
trichocarpa,8,1
truncatula,9,2
tuberosum,16,21
tuberosum,14,9
tuberosum,8,8
tuberosum,24,4
tuberosum,9,3
tuberosum,13,2
tuberosum,7,1
tuberosum,15,1
tuberosum,17,1
tuberosum,18,1
tuberosum,25,1
turgidum,9,1
umbratica,40,1
urartu,9,1
vinifera,8,2
vinifera,9,1
viridis,10,1
vulgare,10,1
yedoensis,9,1
